file,line,type,commit,author,date,time,timezone,datetime,depth,length
style.css,1,css,4b8e1fd4,mkataki,2025-01-25,15:05:43,-08:00,2025-01-25T15:05:43-08:00,0,6
style.css,2,css,4b8e1fd4,mkataki,2025-01-25,15:05:43,-08:00,2025-01-25T15:05:43-08:00,0,22
style.css,3,css,4b8e1fd4,mkataki,2025-01-25,15:05:43,-08:00,2025-01-25T15:05:43-08:00,0,62
style.css,4,css,47c0f307,mkataki,2025-01-25,17:54:32,-08:00,2025-01-25T17:54:32-08:00,0,24
style.css,5,css,47c0f307,mkataki,2025-01-25,17:54:32,-08:00,2025-01-25T17:54:32-08:00,0,25
style.css,6,css,47c0f307,mkataki,2025-01-25,17:54:32,-08:00,2025-01-25T17:54:32-08:00,0,25
style.css,7,css,be748891,mkataki,2025-01-25,20:14:33,-08:00,2025-01-25T20:14:33-08:00,0,20
style.css,8,css,4b8e1fd4,mkataki,2025-01-25,15:05:43,-08:00,2025-01-25T15:05:43-08:00,0,0
style.css,9,css,4b8e1fd4,mkataki,2025-01-25,15:05:43,-08:00,2025-01-25T15:05:43-08:00,0,0
style.css,10,css,4b8e1fd4,mkataki,2025-01-25,15:05:43,-08:00,2025-01-25T15:05:43-08:00,0,5
style.css,11,css,4b8e1fd4,mkataki,2025-01-25,15:05:43,-08:00,2025-01-25T15:05:43-08:00,0,33
style.css,12,css,4b8e1fd4,mkataki,2025-01-25,15:05:43,-08:00,2025-01-25T15:05:43-08:00,0,0
style.css,13,css,1bfd6062,mkataki,2025-01-10,19:57:50,+05:30,2025-01-10T19:57:50+05:30,0,5
style.css,14,css,1bfd6062,mkataki,2025-01-10,19:57:50,+05:30,2025-01-10T19:57:50+05:30,0,44
style.css,15,css,1bfd6062,mkataki,2025-01-10,19:57:50,+05:30,2025-01-10T19:57:50+05:30,0,43
style.css,16,css,1bfd6062,mkataki,2025-01-10,19:57:50,+05:30,2025-01-10T19:57:50+05:30,0,1
style.css,17,css,1bfd6062,mkataki,2025-01-10,19:57:50,+05:30,2025-01-10T19:57:50+05:30,0,24
style.css,18,css,957bf425,mkataki,2025-01-25,12:37:14,-08:00,2025-01-25T12:37:14-08:00,0,0
style.css,19,css,957bf425,mkataki,2025-01-25,12:37:14,-08:00,2025-01-25T12:37:14-08:00,0,16
style.css,20,css,957bf425,mkataki,2025-01-25,12:37:14,-08:00,2025-01-25T12:37:14-08:00,0,0
style.css,21,css,957bf425,mkataki,2025-01-25,12:37:14,-08:00,2025-01-25T12:37:14-08:00,0,19
style.css,22,css,957bf425,mkataki,2025-01-25,12:37:14,-08:00,2025-01-25T12:37:14-08:00,0,0
style.css,23,css,957bf425,mkataki,2025-01-25,12:37:14,-08:00,2025-01-25T12:37:14-08:00,0,13
style.css,24,css,47c0f307,mkataki,2025-01-25,17:54:32,-08:00,2025-01-25T17:54:32-08:00,0,0
style.css,25,css,47c0f307,mkataki,2025-01-25,17:54:32,-08:00,2025-01-25T17:54:32-08:00,0,24
style.css,26,css,47c0f307,mkataki,2025-01-25,17:54:32,-08:00,2025-01-25T17:54:32-08:00,0,17
style.css,27,css,4b8e1fd4,mkataki,2025-01-25,15:05:43,-08:00,2025-01-25T15:05:43-08:00,0,0
style.css,28,css,4b8e1fd4,mkataki,2025-01-25,15:05:43,-08:00,2025-01-25T15:05:43-08:00,0,0
style.css,29,css,4b8e1fd4,mkataki,2025-01-25,15:05:43,-08:00,2025-01-25T15:05:43-08:00,0,0
style.css,30,css,4b8e1fd4,mkataki,2025-01-25,15:05:43,-08:00,2025-01-25T15:05:43-08:00,0,5
style.css,31,css,4b8e1fd4,mkataki,2025-01-25,15:05:43,-08:00,2025-01-25T15:05:43-08:00,0,13
style.css,32,css,4b8e1fd4,mkataki,2025-01-25,15:05:43,-08:00,2025-01-25T15:05:43-08:00,0,31
style.css,33,css,4b8e1fd4,mkataki,2025-01-25,15:05:43,-08:00,2025-01-25T15:05:43-08:00,0,9
style.css,34,css,4b8e1fd4,mkataki,2025-01-25,15:05:43,-08:00,2025-01-25T15:05:43-08:00,0,0
style.css,35,css,4b8e1fd4,mkataki,2025-01-25,15:05:43,-08:00,2025-01-25T15:05:43-08:00,0,0
style.css,36,css,4b8e1fd4,mkataki,2025-01-25,15:05:43,-08:00,2025-01-25T15:05:43-08:00,0,6
style.css,37,css,4b8e1fd4,mkataki,2025-01-25,15:05:43,-08:00,2025-01-25T15:05:43-08:00,0,13
style.css,38,css,4b8e1fd4,mkataki,2025-01-25,15:05:43,-08:00,2025-01-25T15:05:43-08:00,0,30
style.css,39,css,4b8e1fd4,mkataki,2025-01-25,15:05:43,-08:00,2025-01-25T15:05:43-08:00,0,19
style.css,40,css,4b8e1fd4,mkataki,2025-01-25,15:05:43,-08:00,2025-01-25T15:05:43-08:00,0,0
style.css,41,css,4b8e1fd4,mkataki,2025-01-25,15:05:43,-08:00,2025-01-25T15:05:43-08:00,0,0
style.css,42,css,4b8e1fd4,mkataki,2025-01-25,15:05:43,-08:00,2025-01-25T15:05:43-08:00,0,16
style.css,43,css,4b8e1fd4,mkataki,2025-01-25,15:05:43,-08:00,2025-01-25T15:05:43-08:00,0,13
style.css,44,css,4b8e1fd4,mkataki,2025-01-25,15:05:43,-08:00,2025-01-25T15:05:43-08:00,0,11
style.css,45,css,4b8e1fd4,mkataki,2025-01-25,15:05:43,-08:00,2025-01-25T15:05:43-08:00,0,22
style.css,46,css,4b8e1fd4,mkataki,2025-01-25,15:05:43,-08:00,2025-01-25T15:05:43-08:00,0,0
style.css,47,css,4b8e1fd4,mkataki,2025-01-25,15:05:43,-08:00,2025-01-25T15:05:43-08:00,0,7
style.css,48,css,4b8e1fd4,mkataki,2025-01-25,15:05:43,-08:00,2025-01-25T15:05:43-08:00,0,19
style.css,49,css,4b8e1fd4,mkataki,2025-01-25,15:05:43,-08:00,2025-01-25T15:05:43-08:00,0,0
style.css,50,css,ae1d1247,mkataki,2025-01-31,21:16:49,-08:00,2025-01-31T21:16:49-08:00,0,10
style.css,51,css,4b8e1fd4,mkataki,2025-01-25,15:05:43,-08:00,2025-01-25T15:05:43-08:00,0,13
style.css,52,css,ae1d1247,mkataki,2025-01-31,21:16:49,-08:00,2025-01-31T21:16:49-08:00,0,59
style.css,53,css,4b8e1fd4,mkataki,2025-01-25,15:05:43,-08:00,2025-01-25T15:05:43-08:00,0,9
style.css,54,css,4b8e1fd4,mkataki,2025-01-25,15:05:43,-08:00,2025-01-25T15:05:43-08:00,0,0
style.css,55,css,ae1d1247,mkataki,2025-01-31,21:16:49,-08:00,2025-01-31T21:16:49-08:00,0,0
style.css,56,css,4b8e1fd4,mkataki,2025-01-25,15:05:43,-08:00,2025-01-25T15:05:43-08:00,0,18
style.css,57,css,ae1d1247,mkataki,2025-01-31,21:16:49,-08:00,2025-01-31T21:16:49-08:00,0,13
style.css,58,css,ae1d1247,mkataki,2025-01-31,21:16:49,-08:00,2025-01-31T21:16:49-08:00,0,18
style.css,59,css,ae1d1247,mkataki,2025-01-31,21:16:49,-08:00,2025-01-31T21:16:49-08:00,0,13
style.css,60,css,ae1d1247,mkataki,2025-01-31,21:16:49,-08:00,2025-01-31T21:16:49-08:00,0,22
style.css,61,css,ae1d1247,mkataki,2025-01-31,21:16:49,-08:00,2025-01-31T21:16:49-08:00,0,19
style.css,62,css,ae1d1247,mkataki,2025-01-31,21:16:49,-08:00,2025-01-31T21:16:49-08:00,0,30
style.css,63,css,ae1d1247,mkataki,2025-01-31,21:16:49,-08:00,2025-01-31T21:16:49-08:00,0,18
style.css,64,css,ae1d1247,mkataki,2025-01-31,21:16:49,-08:00,2025-01-31T21:16:49-08:00,0,0
style.css,65,css,4b8e1fd4,mkataki,2025-01-25,15:05:43,-08:00,2025-01-25T15:05:43-08:00,0,0
style.css,66,css,4b8e1fd4,mkataki,2025-01-25,15:05:43,-08:00,2025-01-25T15:05:43-08:00,0,21
style.css,67,css,4b8e1fd4,mkataki,2025-01-25,15:05:43,-08:00,2025-01-25T15:05:43-08:00,0,9
style.css,68,css,4b8e1fd4,mkataki,2025-01-25,15:05:43,-08:00,2025-01-25T15:05:43-08:00,0,0
style.css,69,css,00000000,Not Committed Yet,2025-02-13,23:19:34,-08:00,2025-02-13T23:19:34-08:00,0,14
style.css,70,css,00000000,Not Committed Yet,2025-02-13,23:19:34,-08:00,2025-02-13T23:19:34-08:00,0,13
style.css,71,css,00000000,Not Committed Yet,2025-02-13,23:19:34,-08:00,2025-02-13T23:19:34-08:00,0,22
style.css,72,css,00000000,Not Committed Yet,2025-02-13,23:19:34,-08:00,2025-02-13T23:19:34-08:00,0,19
style.css,73,css,00000000,Not Committed Yet,2025-02-13,23:19:34,-08:00,2025-02-13T23:19:34-08:00,0,23
style.css,74,css,00000000,Not Committed Yet,2025-02-13,23:19:34,-08:00,2025-02-13T23:19:34-08:00,0,0
style.css,75,css,00000000,Not Committed Yet,2025-02-13,23:19:34,-08:00,2025-02-13T23:19:34-08:00,0,0
style.css,76,css,00000000,Not Committed Yet,2025-02-13,23:19:34,-08:00,2025-02-13T23:19:34-08:00,0,14
style.css,77,css,00000000,Not Committed Yet,2025-02-13,23:19:34,-08:00,2025-02-13T23:19:34-08:00,0,15
style.css,78,css,00000000,Not Committed Yet,2025-02-13,23:19:34,-08:00,2025-02-13T23:19:34-08:00,0,17
style.css,79,css,00000000,Not Committed Yet,2025-02-13,23:19:34,-08:00,2025-02-13T23:19:34-08:00,0,38
style.css,80,css,00000000,Not Committed Yet,2025-02-13,23:19:34,-08:00,2025-02-13T23:19:34-08:00,0,29
style.css,81,css,00000000,Not Committed Yet,2025-02-13,23:19:34,-08:00,2025-02-13T23:19:34-08:00,0,15
style.css,82,css,00000000,Not Committed Yet,2025-02-13,23:19:34,-08:00,2025-02-13T23:19:34-08:00,0,26
style.css,83,css,00000000,Not Committed Yet,2025-02-13,23:19:34,-08:00,2025-02-13T23:19:34-08:00,0,19
style.css,84,css,00000000,Not Committed Yet,2025-02-13,23:19:34,-08:00,2025-02-13T23:19:34-08:00,0,0
style.css,85,css,00000000,Not Committed Yet,2025-02-13,23:19:34,-08:00,2025-02-13T23:19:34-08:00,0,58
style.css,86,css,00000000,Not Committed Yet,2025-02-13,23:19:34,-08:00,2025-02-13T23:19:34-08:00,0,17
style.css,87,css,00000000,Not Committed Yet,2025-02-13,23:19:34,-08:00,2025-02-13T23:19:34-08:00,0,49
style.css,88,css,00000000,Not Committed Yet,2025-02-13,23:19:34,-08:00,2025-02-13T23:19:34-08:00,0,48
style.css,89,css,00000000,Not Committed Yet,2025-02-13,23:19:34,-08:00,2025-02-13T23:19:34-08:00,0,56
style.css,90,css,00000000,Not Committed Yet,2025-02-13,23:19:34,-08:00,2025-02-13T23:19:34-08:00,0,23
style.css,91,css,00000000,Not Committed Yet,2025-02-13,23:19:34,-08:00,2025-02-13T23:19:34-08:00,0,48
style.css,92,css,00000000,Not Committed Yet,2025-02-13,23:19:34,-08:00,2025-02-13T23:19:34-08:00,0,0
style.css,93,css,00000000,Not Committed Yet,2025-02-13,23:19:34,-08:00,2025-02-13T23:19:34-08:00,0,52
style.css,94,css,00000000,Not Committed Yet,2025-02-13,23:19:34,-08:00,2025-02-13T23:19:34-08:00,0,12
style.css,95,css,00000000,Not Committed Yet,2025-02-13,23:19:34,-08:00,2025-02-13T23:19:34-08:00,0,17
style.css,96,css,00000000,Not Committed Yet,2025-02-13,23:19:34,-08:00,2025-02-13T23:19:34-08:00,0,0
style.css,97,css,00000000,Not Committed Yet,2025-02-13,23:19:34,-08:00,2025-02-13T23:19:34-08:00,0,48
style.css,98,css,00000000,Not Committed Yet,2025-02-13,23:19:34,-08:00,2025-02-13T23:19:34-08:00,0,19
style.css,99,css,00000000,Not Committed Yet,2025-02-13,23:19:34,-08:00,2025-02-13T23:19:34-08:00,0,35
style.css,100,css,00000000,Not Committed Yet,2025-02-13,23:19:34,-08:00,2025-02-13T23:19:34-08:00,0,13
style.css,101,css,00000000,Not Committed Yet,2025-02-13,23:19:34,-08:00,2025-02-13T23:19:34-08:00,0,0
style.css,102,css,00000000,Not Committed Yet,2025-02-13,23:19:34,-08:00,2025-02-13T23:19:34-08:00,0,0
style.css,103,css,00000000,Not Committed Yet,2025-02-13,23:19:34,-08:00,2025-02-13T23:19:34-08:00,0,10
style.css,104,css,00000000,Not Committed Yet,2025-02-13,23:19:34,-08:00,2025-02-13T23:19:34-08:00,0,36
style.css,105,css,00000000,Not Committed Yet,2025-02-13,23:19:34,-08:00,2025-02-13T23:19:34-08:00,0,18
style.css,106,css,00000000,Not Committed Yet,2025-02-13,23:19:34,-08:00,2025-02-13T23:19:34-08:00,0,0
style.css,107,css,00000000,Not Committed Yet,2025-02-13,23:19:34,-08:00,2025-02-13T23:19:34-08:00,0,0
style.css,108,css,00000000,Not Committed Yet,2025-02-13,23:19:34,-08:00,2025-02-13T23:19:34-08:00,0,5
style.css,109,css,00000000,Not Committed Yet,2025-02-13,23:19:34,-08:00,2025-02-13T23:19:34-08:00,0,15
style.css,110,css,00000000,Not Committed Yet,2025-02-13,23:19:34,-08:00,2025-02-13T23:19:34-08:00,0,0
style.css,111,css,00000000,Not Committed Yet,2025-02-13,23:19:34,-08:00,2025-02-13T23:19:34-08:00,0,0
style.css,112,css,00000000,Not Committed Yet,2025-02-13,23:19:34,-08:00,2025-02-13T23:19:34-08:00,0,23
style.css,113,css,00000000,Not Committed Yet,2025-02-13,23:19:34,-08:00,2025-02-13T23:19:34-08:00,0,8
style.css,114,css,00000000,Not Committed Yet,2025-02-13,23:19:34,-08:00,2025-02-13T23:19:34-08:00,0,13
style.css,115,css,00000000,Not Committed Yet,2025-02-13,23:19:34,-08:00,2025-02-13T23:19:34-08:00,0,80
style.css,116,css,00000000,Not Committed Yet,2025-02-13,23:19:34,-08:00,2025-02-13T23:19:34-08:00,0,9
style.css,117,css,00000000,Not Committed Yet,2025-02-13,23:19:34,-08:00,2025-02-13T23:19:34-08:00,0,43
style.css,118,css,00000000,Not Committed Yet,2025-02-13,23:19:34,-08:00,2025-02-13T23:19:34-08:00,0,10
style.css,119,css,00000000,Not Committed Yet,2025-02-13,23:19:34,-08:00,2025-02-13T23:19:34-08:00,0,9
style.css,120,css,00000000,Not Committed Yet,2025-02-13,23:19:34,-08:00,2025-02-13T23:19:34-08:00,0,0
style.css,121,css,00000000,Not Committed Yet,2025-02-13,23:19:34,-08:00,2025-02-13T23:19:34-08:00,0,0
style.css,122,css,00000000,Not Committed Yet,2025-02-13,23:19:34,-08:00,2025-02-13T23:19:34-08:00,0,36
style.css,123,css,00000000,Not Committed Yet,2025-02-13,23:19:34,-08:00,2025-02-13T23:19:34-08:00,0,11
style.css,124,css,00000000,Not Committed Yet,2025-02-13,23:19:34,-08:00,2025-02-13T23:19:34-08:00,0,13
style.css,125,css,00000000,Not Committed Yet,2025-02-13,23:19:34,-08:00,2025-02-13T23:19:34-08:00,0,19
style.css,126,css,00000000,Not Committed Yet,2025-02-13,23:19:34,-08:00,2025-02-13T23:19:34-08:00,0,44
style.css,127,css,00000000,Not Committed Yet,2025-02-13,23:19:34,-08:00,2025-02-13T23:19:34-08:00,0,15
style.css,128,css,00000000,Not Committed Yet,2025-02-13,23:19:34,-08:00,2025-02-13T23:19:34-08:00,0,17
style.css,129,css,00000000,Not Committed Yet,2025-02-13,23:19:34,-08:00,2025-02-13T23:19:34-08:00,0,0
style.css,130,css,00000000,Not Committed Yet,2025-02-13,23:19:34,-08:00,2025-02-13T23:19:34-08:00,0,0
style.css,131,css,00000000,Not Committed Yet,2025-02-13,23:19:34,-08:00,2025-02-13T23:19:34-08:00,0,29
style.css,132,css,00000000,Not Committed Yet,2025-02-13,23:19:34,-08:00,2025-02-13T23:19:34-08:00,0,16
style.css,133,css,00000000,Not Committed Yet,2025-02-13,23:19:34,-08:00,2025-02-13T23:19:34-08:00,0,21
style.css,134,css,00000000,Not Committed Yet,2025-02-13,23:19:34,-08:00,2025-02-13T23:19:34-08:00,0,11
style.css,135,css,00000000,Not Committed Yet,2025-02-13,23:19:34,-08:00,2025-02-13T23:19:34-08:00,0,12
style.css,136,css,00000000,Not Committed Yet,2025-02-13,23:19:34,-08:00,2025-02-13T23:19:34-08:00,0,30
style.css,137,css,00000000,Not Committed Yet,2025-02-13,23:19:34,-08:00,2025-02-13T23:19:34-08:00,0,18
style.css,138,css,00000000,Not Committed Yet,2025-02-13,23:19:34,-08:00,2025-02-13T23:19:34-08:00,0,22
style.css,139,css,00000000,Not Committed Yet,2025-02-13,23:19:34,-08:00,2025-02-13T23:19:34-08:00,0,0
style.css,140,css,00000000,Not Committed Yet,2025-02-13,23:19:34,-08:00,2025-02-13T23:19:34-08:00,0,0
style.css,141,css,4b8e1fd4,mkataki,2025-01-25,15:05:43,-08:00,2025-01-25T15:05:43-08:00,0,0
style.css,142,css,4b8e1fd4,mkataki,2025-01-25,15:05:43,-08:00,2025-01-25T15:05:43-08:00,0,0
style.css,143,css,4b8e1fd4,mkataki,2025-01-25,15:05:43,-08:00,2025-01-25T15:05:43-08:00,0,7
style.css,144,css,4b8e1fd4,mkataki,2025-01-25,15:05:43,-08:00,2025-01-25T15:05:43-08:00,0,17
style.css,145,css,4b8e1fd4,mkataki,2025-01-25,15:05:43,-08:00,2025-01-25T15:05:43-08:00,0,0
style.css,146,css,4b8e1fd4,mkataki,2025-01-25,15:05:43,-08:00,2025-01-25T15:05:43-08:00,0,0
style.css,147,css,4b8e1fd4,mkataki,2025-01-25,15:05:43,-08:00,2025-01-25T15:05:43-08:00,0,10
style.css,148,css,4b8e1fd4,mkataki,2025-01-25,15:05:43,-08:00,2025-01-25T15:05:43-08:00,0,17
style.css,149,css,4b8e1fd4,mkataki,2025-01-25,15:05:43,-08:00,2025-01-25T15:05:43-08:00,0,0
style.css,150,css,4b8e1fd4,mkataki,2025-01-25,15:05:43,-08:00,2025-01-25T15:05:43-08:00,0,4
style.css,151,css,4b8e1fd4,mkataki,2025-01-25,15:05:43,-08:00,2025-01-25T15:05:43-08:00,0,13
style.css,152,css,4b8e1fd4,mkataki,2025-01-25,15:05:43,-08:00,2025-01-25T15:05:43-08:00,0,19
style.css,153,css,4b8e1fd4,mkataki,2025-01-25,15:05:43,-08:00,2025-01-25T15:05:43-08:00,0,42
style.css,154,css,47c0f307,mkataki,2025-01-25,17:54:32,-08:00,2025-01-25T17:54:32-08:00,0,40
style.css,155,css,47c0f307,mkataki,2025-01-25,17:54:32,-08:00,2025-01-25T17:54:32-08:00,0,40
style.css,156,css,4b8e1fd4,mkataki,2025-01-25,15:05:43,-08:00,2025-01-25T15:05:43-08:00,0,0
style.css,157,css,4b8e1fd4,mkataki,2025-01-25,15:05:43,-08:00,2025-01-25T15:05:43-08:00,0,6
style.css,158,css,4b8e1fd4,mkataki,2025-01-25,15:05:43,-08:00,2025-01-25T15:05:43-08:00,0,7
style.css,159,css,4b8e1fd4,mkataki,2025-01-25,15:05:43,-08:00,2025-01-25T15:05:43-08:00,0,21
style.css,160,css,4b8e1fd4,mkataki,2025-01-25,15:05:43,-08:00,2025-01-25T15:05:43-08:00,0,14
style.css,161,css,4b8e1fd4,mkataki,2025-01-25,15:05:43,-08:00,2025-01-25T15:05:43-08:00,0,18
style.css,162,css,4b8e1fd4,mkataki,2025-01-25,15:05:43,-08:00,2025-01-25T15:05:43-08:00,0,14
style.css,163,css,4b8e1fd4,mkataki,2025-01-25,15:05:43,-08:00,2025-01-25T15:05:43-08:00,0,0
style.css,164,css,4b8e1fd4,mkataki,2025-01-25,15:05:43,-08:00,2025-01-25T15:05:43-08:00,0,14
style.css,165,css,4b8e1fd4,mkataki,2025-01-25,15:05:43,-08:00,2025-01-25T15:05:43-08:00,0,31
style.css,166,css,4b8e1fd4,mkataki,2025-01-25,15:05:43,-08:00,2025-01-25T15:05:43-08:00,0,22
style.css,167,css,4b8e1fd4,mkataki,2025-01-25,15:05:43,-08:00,2025-01-25T15:05:43-08:00,0,0
style.css,168,css,4b8e1fd4,mkataki,2025-01-25,15:05:43,-08:00,2025-01-25T15:05:43-08:00,0,0
style.css,169,css,4b8e1fd4,mkataki,2025-01-25,15:05:43,-08:00,2025-01-25T15:05:43-08:00,0,12
style.css,170,css,4b8e1fd4,mkataki,2025-01-25,15:05:43,-08:00,2025-01-25T15:05:43-08:00,0,46
style.css,171,css,4b8e1fd4,mkataki,2025-01-25,15:05:43,-08:00,2025-01-25T15:05:43-08:00,0,26
style.css,172,css,47c0f307,mkataki,2025-01-25,17:54:32,-08:00,2025-01-25T17:54:32-08:00,0,70
style.css,173,css,4b8e1fd4,mkataki,2025-01-25,15:05:43,-08:00,2025-01-25T15:05:43-08:00,0,0
style.css,174,css,4b8e1fd4,mkataki,2025-01-25,15:05:43,-08:00,2025-01-25T15:05:43-08:00,0,23
style.css,175,css,4b8e1fd4,mkataki,2025-01-25,15:05:43,-08:00,2025-01-25T15:05:43-08:00,0,16
style.css,176,css,4b8e1fd4,mkataki,2025-01-25,15:05:43,-08:00,2025-01-25T15:05:43-08:00,0,0
style.css,177,css,4b8e1fd4,mkataki,2025-01-25,15:05:43,-08:00,2025-01-25T15:05:43-08:00,0,0
style.css,178,css,4b8e1fd4,mkataki,2025-01-25,15:05:43,-08:00,2025-01-25T15:05:43-08:00,0,3
style.css,179,css,4b8e1fd4,mkataki,2025-01-25,15:05:43,-08:00,2025-01-25T15:05:43-08:00,0,15
style.css,180,css,4b8e1fd4,mkataki,2025-01-25,15:05:43,-08:00,2025-01-25T15:05:43-08:00,0,19
style.css,181,css,be748891,mkataki,2025-01-25,20:14:33,-08:00,2025-01-25T20:14:33-08:00,0,13
style.css,182,css,4b8e1fd4,mkataki,2025-01-25,15:05:43,-08:00,2025-01-25T15:05:43-08:00,0,0
style.css,183,css,957bf425,mkataki,2025-01-25,12:37:14,-08:00,2025-01-25T12:37:14-08:00,0,0
style.css,184,css,4b8e1fd4,mkataki,2025-01-25,15:05:43,-08:00,2025-01-25T15:05:43-08:00,0,3
style.css,185,css,4b8e1fd4,mkataki,2025-01-25,15:05:43,-08:00,2025-01-25T15:05:43-08:00,0,15
style.css,186,css,4b8e1fd4,mkataki,2025-01-25,15:05:43,-08:00,2025-01-25T15:05:43-08:00,0,21
style.css,187,css,be748891,mkataki,2025-01-25,20:14:33,-08:00,2025-01-25T20:14:33-08:00,0,11
style.css,188,css,4b8e1fd4,mkataki,2025-01-25,15:05:43,-08:00,2025-01-25T15:05:43-08:00,0,0
style.css,189,css,4b8e1fd4,mkataki,2025-01-25,15:05:43,-08:00,2025-01-25T15:05:43-08:00,0,12
style.css,190,css,be748891,mkataki,2025-01-25,20:14:33,-08:00,2025-01-25T20:14:33-08:00,0,24
style.css,191,css,4b8e1fd4,mkataki,2025-01-25,15:05:43,-08:00,2025-01-25T15:05:43-08:00,0,18
style.css,192,css,47c0f307,mkataki,2025-01-25,17:54:32,-08:00,2025-01-25T17:54:32-08:00,0,41
style.css,193,css,4b8e1fd4,mkataki,2025-01-25,15:05:43,-08:00,2025-01-25T15:05:43-08:00,0,13
style.css,194,css,4b8e1fd4,mkataki,2025-01-25,15:05:43,-08:00,2025-01-25T15:05:43-08:00,0,19
style.css,195,css,4b8e1fd4,mkataki,2025-01-25,15:05:43,-08:00,2025-01-25T15:05:43-08:00,0,40
style.css,196,css,4b8e1fd4,mkataki,2025-01-25,15:05:43,-08:00,2025-01-25T15:05:43-08:00,0,0
style.css,197,css,4b8e1fd4,mkataki,2025-01-25,15:05:43,-08:00,2025-01-25T15:05:43-08:00,0,0
style.css,198,css,4b8e1fd4,mkataki,2025-01-25,15:05:43,-08:00,2025-01-25T15:05:43-08:00,0,15
style.css,199,css,4b8e1fd4,mkataki,2025-01-25,15:05:43,-08:00,2025-01-25T15:05:43-08:00,0,13
style.css,200,css,47c0f307,mkataki,2025-01-25,17:54:32,-08:00,2025-01-25T17:54:32-08:00,0,24
style.css,201,css,4b8e1fd4,mkataki,2025-01-25,15:05:43,-08:00,2025-01-25T15:05:43-08:00,0,0
style.css,202,css,be748891,mkataki,2025-01-25,20:14:33,-08:00,2025-01-25T20:14:33-08:00,0,9
style.css,203,css,be748891,mkataki,2025-01-25,20:14:33,-08:00,2025-01-25T20:14:33-08:00,0,13
style.css,204,css,be748891,mkataki,2025-01-25,20:14:33,-08:00,2025-01-25T20:14:33-08:00,0,13
style.css,205,css,be748891,mkataki,2025-01-25,20:14:33,-08:00,2025-01-25T20:14:33-08:00,0,0
style.css,206,css,4b8e1fd4,mkataki,2025-01-25,15:05:43,-08:00,2025-01-25T15:05:43-08:00,0,7
style.css,207,css,4b8e1fd4,mkataki,2025-01-25,15:05:43,-08:00,2025-01-25T15:05:43-08:00,0,18
style.css,208,css,4b8e1fd4,mkataki,2025-01-25,15:05:43,-08:00,2025-01-25T15:05:43-08:00,0,16
style.css,209,css,4b8e1fd4,mkataki,2025-01-25,15:05:43,-08:00,2025-01-25T15:05:43-08:00,0,13
style.css,210,css,4b8e1fd4,mkataki,2025-01-25,15:05:43,-08:00,2025-01-25T15:05:43-08:00,0,19
style.css,211,css,4b8e1fd4,mkataki,2025-01-25,15:05:43,-08:00,2025-01-25T15:05:43-08:00,0,0
style.css,212,css,47c0f307,mkataki,2025-01-25,17:54:32,-08:00,2025-01-25T17:54:32-08:00,0,14
style.css,213,css,47c0f307,mkataki,2025-01-25,17:54:32,-08:00,2025-01-25T17:54:32-08:00,0,18
style.css,214,css,47c0f307,mkataki,2025-01-25,17:54:32,-08:00,2025-01-25T17:54:32-08:00,0,9
style.css,215,css,47c0f307,mkataki,2025-01-25,17:54:32,-08:00,2025-01-25T17:54:32-08:00,0,11
style.css,216,css,47c0f307,mkataki,2025-01-25,17:54:32,-08:00,2025-01-25T17:54:32-08:00,0,14
style.css,217,css,47c0f307,mkataki,2025-01-25,17:54:32,-08:00,2025-01-25T17:54:32-08:00,0,20
style.css,218,css,47c0f307,mkataki,2025-01-25,17:54:32,-08:00,2025-01-25T17:54:32-08:00,0,18
style.css,219,css,47c0f307,mkataki,2025-01-25,17:54:32,-08:00,2025-01-25T17:54:32-08:00,0,15
style.css,220,css,47c0f307,mkataki,2025-01-25,17:54:32,-08:00,2025-01-25T17:54:32-08:00,0,13
style.css,221,css,47c0f307,mkataki,2025-01-25,17:54:32,-08:00,2025-01-25T17:54:32-08:00,0,0
style.css,222,css,47c0f307,mkataki,2025-01-25,17:54:32,-08:00,2025-01-25T17:54:32-08:00,0,0
style.css,223,css,47c0f307,mkataki,2025-01-25,17:54:32,-08:00,2025-01-25T17:54:32-08:00,0,21
style.css,224,css,47c0f307,mkataki,2025-01-25,17:54:32,-08:00,2025-01-25T17:54:32-08:00,0,20
style.css,225,css,47c0f307,mkataki,2025-01-25,17:54:32,-08:00,2025-01-25T17:54:32-08:00,0,0
style.css,226,css,ae1d1247,mkataki,2025-01-31,21:16:49,-08:00,2025-01-31T21:16:49-08:00,0,18
style.css,227,css,ae1d1247,mkataki,2025-01-31,21:16:49,-08:00,2025-01-31T21:16:49-08:00,0,13
style.css,228,css,ae1d1247,mkataki,2025-01-31,21:16:49,-08:00,2025-01-31T21:16:49-08:00,0,59
style.css,229,css,ae1d1247,mkataki,2025-01-31,21:16:49,-08:00,2025-01-31T21:16:49-08:00,0,35
style.css,230,css,ae1d1247,mkataki,2025-01-31,21:16:49,-08:00,2025-01-31T21:16:49-08:00,0,18
style.css,231,css,ae1d1247,mkataki,2025-01-31,21:16:49,-08:00,2025-01-31T21:16:49-08:00,0,0
style.css,232,css,ae1d1247,mkataki,2025-01-31,21:16:49,-08:00,2025-01-31T21:16:49-08:00,0,0
style.css,233,css,ae1d1247,mkataki,2025-01-31,21:16:49,-08:00,2025-01-31T21:16:49-08:00,0,18
style.css,234,css,ae1d1247,mkataki,2025-01-31,21:16:49,-08:00,2025-01-31T21:16:49-08:00,0,17
style.css,235,css,ae1d1247,mkataki,2025-01-31,21:16:49,-08:00,2025-01-31T21:16:49-08:00,0,58
style.css,236,css,ae1d1247,mkataki,2025-01-31,21:16:49,-08:00,2025-01-31T21:16:49-08:00,0,0
style.css,237,css,ae1d1247,mkataki,2025-01-31,21:16:49,-08:00,2025-01-31T21:16:49-08:00,0,0
style.css,238,css,ae1d1247,mkataki,2025-01-31,21:16:49,-08:00,2025-01-31T21:16:49-08:00,0,18
style.css,239,css,ae1d1247,mkataki,2025-01-31,21:16:49,-08:00,2025-01-31T21:16:49-08:00,0,59
style.css,240,css,ae1d1247,mkataki,2025-01-31,21:16:49,-08:00,2025-01-31T21:16:49-08:00,0,0
style.css,241,css,00000000,Not Committed Yet,2025-02-13,23:19:34,-08:00,2025-02-13T23:19:34-08:00,0,0
style.css,242,css,47c0f307,mkataki,2025-01-25,17:54:32,-08:00,2025-01-25T17:54:32-08:00,0,0
index.js,1,js,ae1d1247,mkataki,2025-01-31,21:16:49,-08:00,2025-01-31T21:16:49-08:00,0,71
index.js,2,js,ae1d1247,mkataki,2025-01-31,21:16:49,-08:00,2025-01-31T21:16:49-08:00,0,55
index.js,3,js,ae1d1247,mkataki,2025-01-31,21:16:49,-08:00,2025-01-31T21:16:49-08:00,0,43
index.js,4,js,ae1d1247,mkataki,2025-01-31,21:16:49,-08:00,2025-01-31T21:16:49-08:00,0,61
index.js,5,js,ae1d1247,mkataki,2025-01-31,21:16:49,-08:00,2025-01-31T21:16:49-08:00,0,55
index.js,6,js,ae1d1247,mkataki,2025-01-31,21:16:49,-08:00,2025-01-31T21:16:49-08:00,0,51
index.js,7,js,ae1d1247,mkataki,2025-01-31,21:16:49,-08:00,2025-01-31T21:16:49-08:00,0,61
index.js,8,js,ae1d1247,mkataki,2025-01-31,21:16:49,-08:00,2025-01-31T21:16:49-08:00,0,18
index.js,9,js,ae1d1247,mkataki,2025-01-31,21:16:49,-08:00,2025-01-31T21:16:49-08:00,0,25
index.js,10,js,ae1d1247,mkataki,2025-01-31,21:16:49,-08:00,2025-01-31T21:16:49-08:00,0,3
index.js,11,js,ae1d1247,mkataki,2025-01-31,21:16:49,-08:00,2025-01-31T21:16:49-08:00,0,56
index.js,12,js,ae1d1247,mkataki,2025-01-31,21:16:49,-08:00,2025-01-31T21:16:49-08:00,0,56
index.js,13,js,ae1d1247,mkataki,2025-01-31,21:16:49,-08:00,2025-01-31T21:16:49-08:00,0,50
index.js,14,js,ae1d1247,mkataki,2025-01-31,21:16:49,-08:00,2025-01-31T21:16:49-08:00,0,50
index.js,15,js,ae1d1247,mkataki,2025-01-31,21:16:49,-08:00,2025-01-31T21:16:49-08:00,0,63
index.js,16,js,ae1d1247,mkataki,2025-01-31,21:16:49,-08:00,2025-01-31T21:16:49-08:00,0,4
index.js,17,js,ae1d1247,mkataki,2025-01-31,21:16:49,-08:00,2025-01-31T21:16:49-08:00,0,1
index.js,18,js,ae1d1247,mkataki,2025-01-31,21:16:49,-08:00,2025-01-31T21:16:49-08:00,0,0
index.html,1,html,bfabe51a,mkataki,2025-01-10,11:39:24,+05:30,2025-01-10T11:39:24+05:30,0,14
index.html,2,html,47c0f307,mkataki,2025-01-25,17:54:32,-08:00,2025-01-25T17:54:32-08:00,0,30
index.html,3,html,bfabe51a,mkataki,2025-01-10,11:39:24,+05:30,2025-01-10T11:39:24+05:30,0,5
index.html,4,html,bfabe51a,mkataki,2025-01-10,11:39:24,+05:30,2025-01-10T11:39:24+05:30,0,21
index.html,5,html,bfabe51a,mkataki,2025-01-10,11:39:24,+05:30,2025-01-10T11:39:24+05:30,0,52
index.html,6,html,bfabe51a,mkataki,2025-01-10,11:39:24,+05:30,2025-01-10T11:39:24+05:30,0,69
index.html,7,html,bfabe51a,mkataki,2025-01-10,11:39:24,+05:30,2025-01-10T11:39:24+05:30,0,56
index.html,8,html,4b8e1fd4,mkataki,2025-01-25,15:05:43,-08:00,2025-01-25T15:05:43-08:00,0,39
index.html,9,html,47c0f307,mkataki,2025-01-25,17:54:32,-08:00,2025-01-25T17:54:32-08:00,0,48
index.html,10,html,ae1d1247,mkataki,2025-01-31,21:16:49,-08:00,2025-01-31T21:16:49-08:00,0,51
index.html,11,html,bfabe51a,mkataki,2025-01-10,11:39:24,+05:30,2025-01-10T11:39:24+05:30,0,6
index.html,12,html,bfabe51a,mkataki,2025-01-10,11:39:24,+05:30,2025-01-10T11:39:24+05:30,0,5
index.html,13,html,bfabe51a,mkataki,2025-01-10,11:39:24,+05:30,2025-01-10T11:39:24+05:30,0,22
index.html,14,html,ae1d1247,mkataki,2025-01-31,21:16:49,-08:00,2025-01-31T21:16:49-08:00,0,311
index.html,15,html,b5588032,mkataki,2025-01-11,01:32:49,+05:30,2025-01-11T01:32:49+05:30,0,87
index.html,16,html,ae1d1247,mkataki,2025-01-31,21:16:49,-08:00,2025-01-31T21:16:49-08:00,0,21
index.html,17,html,ae1d1247,mkataki,2025-01-31,21:16:49,-08:00,2025-01-31T21:16:49-08:00,0,23
index.html,18,html,ae1d1247,mkataki,2025-01-31,21:16:49,-08:00,2025-01-31T21:16:49-08:00,0,8
index.html,19,html,ae1d1247,mkataki,2025-01-31,21:16:49,-08:00,2025-01-31T21:16:49-08:00,0,28
index.html,20,html,ae1d1247,mkataki,2025-01-31,21:16:49,-08:00,2025-01-31T21:16:49-08:00,0,3
index.html,21,html,ae1d1247,mkataki,2025-01-31,21:16:49,-08:00,2025-01-31T21:16:49-08:00,0,40
index.html,22,html,ae1d1247,mkataki,2025-01-31,21:16:49,-08:00,2025-01-31T21:16:49-08:00,0,40
index.html,23,html,ae1d1247,mkataki,2025-01-31,21:16:49,-08:00,2025-01-31T21:16:49-08:00,0,37
index.html,24,html,ae1d1247,mkataki,2025-01-31,21:16:49,-08:00,2025-01-31T21:16:49-08:00,0,37
index.html,25,html,ae1d1247,mkataki,2025-01-31,21:16:49,-08:00,2025-01-31T21:16:49-08:00,0,35
index.html,26,html,ae1d1247,mkataki,2025-01-31,21:16:49,-08:00,2025-01-31T21:16:49-08:00,0,4
index.html,27,html,ae1d1247,mkataki,2025-01-31,21:16:49,-08:00,2025-01-31T21:16:49-08:00,0,9
index.html,28,html,ae1d1247,mkataki,2025-01-31,21:16:49,-08:00,2025-01-31T21:16:49-08:00,0,5
index.html,29,html,ae1d1247,mkataki,2025-01-31,21:16:49,-08:00,2025-01-31T21:16:49-08:00,0,23
index.html,30,html,ae1d1247,mkataki,2025-01-31,21:16:49,-08:00,2025-01-31T21:16:49-08:00,0,21
index.html,31,html,ae1d1247,mkataki,2025-01-31,21:16:49,-08:00,2025-01-31T21:16:49-08:00,0,50
index.html,32,html,ae1d1247,mkataki,2025-01-31,21:16:49,-08:00,2025-01-31T21:16:49-08:00,0,5
index.html,33,html,bfabe51a,mkataki,2025-01-10,11:39:24,+05:30,2025-01-10T11:39:24+05:30,0,6
index.html,34,html,bfabe51a,mkataki,2025-01-10,11:39:24,+05:30,2025-01-10T11:39:24+05:30,0,6
global.js,1,js,2fc6bb7d,mkataki,2025-01-25,15:37:31,-08:00,2025-01-25T15:37:31-08:00,0,26
global.js,2,js,2fc6bb7d,mkataki,2025-01-25,15:37:31,-08:00,2025-01-25T15:37:31-08:00,0,0
global.js,3,js,2fc6bb7d,mkataki,2025-01-25,15:37:31,-08:00,2025-01-25T15:37:31-08:00,0,42
global.js,4,js,2fc6bb7d,mkataki,2025-01-25,15:37:31,-08:00,2025-01-25T15:37:31-08:00,0,53
global.js,5,js,47c0f307,mkataki,2025-01-25,17:54:32,-08:00,2025-01-25T17:54:32-08:00,0,0
global.js,6,js,47c0f307,mkataki,2025-01-25,17:54:32,-08:00,2025-01-25T17:54:32-08:00,0,0
global.js,7,js,47c0f307,mkataki,2025-01-25,17:54:32,-08:00,2025-01-25T17:54:32-08:00,0,39
global.js,8,js,47c0f307,mkataki,2025-01-25,17:54:32,-08:00,2025-01-25T17:54:32-08:00,0,26
global.js,9,js,47c0f307,mkataki,2025-01-25,17:54:32,-08:00,2025-01-25T17:54:32-08:00,0,0
global.js,10,js,47c0f307,mkataki,2025-01-25,17:54:32,-08:00,2025-01-25T17:54:32-08:00,0,12
global.js,11,js,47c0f307,mkataki,2025-01-25,17:54:32,-08:00,2025-01-25T17:54:32-08:00,0,26
global.js,12,js,47c0f307,mkataki,2025-01-25,17:54:32,-08:00,2025-01-25T17:54:32-08:00,0,39
global.js,13,js,47c0f307,mkataki,2025-01-25,17:54:32,-08:00,2025-01-25T17:54:32-08:00,0,37
global.js,14,js,47c0f307,mkataki,2025-01-25,17:54:32,-08:00,2025-01-25T17:54:32-08:00,0,27
global.js,15,js,00000000,Not Committed Yet,2025-02-13,23:19:34,-08:00,2025-02-13T23:19:34-08:00,0,29
global.js,16,js,47c0f307,mkataki,2025-01-25,17:54:32,-08:00,2025-01-25T17:54:32-08:00,0,78
global.js,17,js,47c0f307,mkataki,2025-01-25,17:54:32,-08:00,2025-01-25T17:54:32-08:00,0,1
global.js,18,js,47c0f307,mkataki,2025-01-25,17:54:32,-08:00,2025-01-25T17:54:32-08:00,0,0
global.js,19,js,47c0f307,mkataki,2025-01-25,17:54:32,-08:00,2025-01-25T17:54:32-08:00,0,0
global.js,20,js,47c0f307,mkataki,2025-01-25,17:54:32,-08:00,2025-01-25T17:54:32-08:00,0,71
global.js,21,js,47c0f307,mkataki,2025-01-25,17:54:32,-08:00,2025-01-25T17:54:32-08:00,0,0
global.js,22,js,47c0f307,mkataki,2025-01-25,17:54:32,-08:00,2025-01-25T17:54:32-08:00,0,0
global.js,23,js,47c0f307,mkataki,2025-01-25,17:54:32,-08:00,2025-01-25T17:54:32-08:00,0,21
global.js,24,js,47c0f307,mkataki,2025-01-25,17:54:32,-08:00,2025-01-25T17:54:32-08:00,0,15
global.js,25,js,47c0f307,mkataki,2025-01-25,17:54:32,-08:00,2025-01-25T17:54:32-08:00,0,19
global.js,26,js,47c0f307,mkataki,2025-01-25,17:54:32,-08:00,2025-01-25T17:54:32-08:00,0,0
global.js,27,js,47c0f307,mkataki,2025-01-25,17:54:32,-08:00,2025-01-25T17:54:32-08:00,0,53
global.js,28,js,47c0f307,mkataki,2025-01-25,17:54:32,-08:00,2025-01-25T17:54:32-08:00,0,0
global.js,29,js,47c0f307,mkataki,2025-01-25,17:54:32,-08:00,2025-01-25T17:54:32-08:00,0,35
global.js,30,js,47c0f307,mkataki,2025-01-25,17:54:32,-08:00,2025-01-25T17:54:32-08:00,0,12
global.js,31,js,47c0f307,mkataki,2025-01-25,17:54:32,-08:00,2025-01-25T17:54:32-08:00,0,21
global.js,32,js,47c0f307,mkataki,2025-01-25,17:54:32,-08:00,2025-01-25T17:54:32-08:00,0,0
global.js,33,js,47c0f307,mkataki,2025-01-25,17:54:32,-08:00,2025-01-25T17:54:32-08:00,0,18
global.js,34,js,47c0f307,mkataki,2025-01-25,17:54:32,-08:00,2025-01-25T17:54:32-08:00,0,9
global.js,35,js,47c0f307,mkataki,2025-01-25,17:54:32,-08:00,2025-01-25T17:54:32-08:00,0,59
global.js,36,js,47c0f307,mkataki,2025-01-25,17:54:32,-08:00,2025-01-25T17:54:32-08:00,0,1
global.js,37,js,47c0f307,mkataki,2025-01-25,17:54:32,-08:00,2025-01-25T17:54:32-08:00,0,0
global.js,38,js,47c0f307,mkataki,2025-01-25,17:54:32,-08:00,2025-01-25T17:54:32-08:00,0,16
global.js,39,js,47c0f307,mkataki,2025-01-25,17:54:32,-08:00,2025-01-25T17:54:32-08:00,0,19
global.js,40,js,47c0f307,mkataki,2025-01-25,17:54:32,-08:00,2025-01-25T17:54:32-08:00,0,29
global.js,41,js,47c0f307,mkataki,2025-01-25,17:54:32,-08:00,2025-01-25T17:54:32-08:00,0,0
global.js,42,js,47c0f307,mkataki,2025-01-25,17:54:32,-08:00,2025-01-25T17:54:32-08:00,0,0
global.js,43,js,47c0f307,mkataki,2025-01-25,17:54:32,-08:00,2025-01-25T17:54:32-08:00,0,13
global.js,44,js,47c0f307,mkataki,2025-01-25,17:54:32,-08:00,2025-01-25T17:54:32-08:00,0,0
global.js,45,js,47c0f307,mkataki,2025-01-25,17:54:32,-08:00,2025-01-25T17:54:32-08:00,0,0
global.js,46,js,41e11eb5,mkataki,2025-01-25,20:40:10,-08:00,2025-01-25T20:40:10-08:00,0,38
global.js,47,js,47c0f307,mkataki,2025-01-25,17:54:32,-08:00,2025-01-25T17:54:32-08:00,0,32
global.js,48,js,47c0f307,mkataki,2025-01-25,17:54:32,-08:00,2025-01-25T17:54:32-08:00,0,12
global.js,49,js,47c0f307,mkataki,2025-01-25,17:54:32,-08:00,2025-01-25T17:54:32-08:00,0,0
global.js,50,js,47c0f307,mkataki,2025-01-25,17:54:32,-08:00,2025-01-25T17:54:32-08:00,0,27
global.js,51,js,47c0f307,mkataki,2025-01-25,17:54:32,-08:00,2025-01-25T17:54:32-08:00,0,5
global.js,52,js,47c0f307,mkataki,2025-01-25,17:54:32,-08:00,2025-01-25T17:54:32-08:00,0,27
global.js,53,js,47c0f307,mkataki,2025-01-25,17:54:32,-08:00,2025-01-25T17:54:32-08:00,0,38
global.js,54,js,47c0f307,mkataki,2025-01-25,17:54:32,-08:00,2025-01-25T17:54:32-08:00,0,35
global.js,55,js,47c0f307,mkataki,2025-01-25,17:54:32,-08:00,2025-01-25T17:54:32-08:00,0,33
global.js,56,js,47c0f307,mkataki,2025-01-25,17:54:32,-08:00,2025-01-25T17:54:32-08:00,0,8
global.js,57,js,47c0f307,mkataki,2025-01-25,17:54:32,-08:00,2025-01-25T17:54:32-08:00,0,7
global.js,58,js,47c0f307,mkataki,2025-01-25,17:54:32,-08:00,2025-01-25T17:54:32-08:00,0,0
global.js,59,js,47c0f307,mkataki,2025-01-25,17:54:32,-08:00,2025-01-25T17:54:32-08:00,0,1
global.js,60,js,47c0f307,mkataki,2025-01-25,17:54:32,-08:00,2025-01-25T17:54:32-08:00,0,0
global.js,61,js,ae1d1247,mkataki,2025-01-31,21:16:49,-08:00,2025-01-31T21:16:49-08:00,0,0
global.js,62,js,47c0f307,mkataki,2025-01-25,17:54:32,-08:00,2025-01-25T17:54:32-08:00,0,56
global.js,63,js,47c0f307,mkataki,2025-01-25,17:54:32,-08:00,2025-01-25T17:54:32-08:00,0,0
global.js,64,js,41e11eb5,mkataki,2025-01-25,20:40:10,-08:00,2025-01-25T20:40:10-08:00,0,34
global.js,65,js,41e11eb5,mkataki,2025-01-25,20:40:10,-08:00,2025-01-25T20:40:10-08:00,0,23
global.js,66,js,47c0f307,mkataki,2025-01-25,17:54:32,-08:00,2025-01-25T17:54:32-08:00,0,61
global.js,67,js,47c0f307,mkataki,2025-01-25,17:54:32,-08:00,2025-01-25T17:54:32-08:00,0,7
global.js,68,js,41e11eb5,mkataki,2025-01-25,20:40:10,-08:00,2025-01-25T20:40:10-08:00,0,66
global.js,69,js,47c0f307,mkataki,2025-01-25,17:54:32,-08:00,2025-01-25T17:54:32-08:00,0,0
global.js,70,js,41e11eb5,mkataki,2025-01-25,20:40:10,-08:00,2025-01-25T20:40:10-08:00,0,0
global.js,71,js,41e11eb5,mkataki,2025-01-25,20:40:10,-08:00,2025-01-25T20:40:10-08:00,0,0
global.js,72,js,41e11eb5,mkataki,2025-01-25,20:40:10,-08:00,2025-01-25T20:40:10-08:00,0,50
global.js,73,js,41e11eb5,mkataki,2025-01-25,20:40:10,-08:00,2025-01-25T20:40:10-08:00,0,41
global.js,74,js,41e11eb5,mkataki,2025-01-25,20:40:10,-08:00,2025-01-25T20:40:10-08:00,0,0
global.js,75,js,41e11eb5,mkataki,2025-01-25,20:40:10,-08:00,2025-01-25T20:40:10-08:00,0,32
global.js,76,js,47c0f307,mkataki,2025-01-25,17:54:32,-08:00,2025-01-25T17:54:32-08:00,0,0
global.js,77,js,41e11eb5,mkataki,2025-01-25,20:40:10,-08:00,2025-01-25T20:40:10-08:00,0,51
global.js,78,js,47c0f307,mkataki,2025-01-25,17:54:32,-08:00,2025-01-25T17:54:32-08:00,0,2
global.js,79,js,47c0f307,mkataki,2025-01-25,17:54:32,-08:00,2025-01-25T17:54:32-08:00,0,0
global.js,80,js,8ab49cf9,mkataki,2025-01-25,20:29:18,-08:00,2025-01-25T20:29:18-08:00,0,0
global.js,81,js,41e11eb5,mkataki,2025-01-25,20:40:10,-08:00,2025-01-25T20:40:10-08:00,0,65
global.js,82,js,41e11eb5,mkataki,2025-01-25,20:40:10,-08:00,2025-01-25T20:40:10-08:00,0,29
global.js,83,js,8ab49cf9,mkataki,2025-01-25,20:29:18,-08:00,2025-01-25T20:29:18-08:00,0,0
global.js,84,js,41e11eb5,mkataki,2025-01-25,20:40:10,-08:00,2025-01-25T20:40:10-08:00,0,26
global.js,85,js,41e11eb5,mkataki,2025-01-25,20:40:10,-08:00,2025-01-25T20:40:10-08:00,0,0
global.js,86,js,41e11eb5,mkataki,2025-01-25,20:40:10,-08:00,2025-01-25T20:40:10-08:00,0,28
global.js,87,js,41e11eb5,mkataki,2025-01-25,20:40:10,-08:00,2025-01-25T20:40:10-08:00,0,73
global.js,88,js,47c0f307,mkataki,2025-01-25,17:54:32,-08:00,2025-01-25T17:54:32-08:00,0,0
global.js,89,js,41e11eb5,mkataki,2025-01-25,20:40:10,-08:00,2025-01-25T20:40:10-08:00,0,49
global.js,90,js,41e11eb5,mkataki,2025-01-25,20:40:10,-08:00,2025-01-25T20:40:10-08:00,0,24
global.js,91,js,41e11eb5,mkataki,2025-01-25,20:40:10,-08:00,2025-01-25T20:40:10-08:00,0,2
global.js,92,js,8ab49cf9,mkataki,2025-01-25,20:29:18,-08:00,2025-01-25T20:29:18-08:00,0,0
global.js,93,js,ae1d1247,mkataki,2025-01-31,21:16:49,-08:00,2025-01-31T21:16:49-08:00,0,0
global.js,94,js,ae1d1247,mkataki,2025-01-31,21:16:49,-08:00,2025-01-31T21:16:49-08:00,0,0
global.js,95,js,ae1d1247,mkataki,2025-01-31,21:16:49,-08:00,2025-01-31T21:16:49-08:00,0,37
global.js,96,js,ae1d1247,mkataki,2025-01-31,21:16:49,-08:00,2025-01-31T21:16:49-08:00,0,4
global.js,97,js,ae1d1247,mkataki,2025-01-31,21:16:49,-08:00,2025-01-31T21:16:49-08:00,0,40
global.js,98,js,ae1d1247,mkataki,2025-01-31,21:16:49,-08:00,2025-01-31T21:16:49-08:00,0,33
global.js,99,js,ae1d1247,mkataki,2025-01-31,21:16:49,-08:00,2025-01-31T21:16:49-08:00,0,0
global.js,100,js,ae1d1247,mkataki,2025-01-31,21:16:49,-08:00,2025-01-31T21:16:49-08:00,0,18
global.js,101,js,ae1d1247,mkataki,2025-01-31,21:16:49,-08:00,2025-01-31T21:16:49-08:00,0,67
global.js,102,js,ae1d1247,mkataki,2025-01-31,21:16:49,-08:00,2025-01-31T21:16:49-08:00,0,0
global.js,103,js,ae1d1247,mkataki,2025-01-31,21:16:49,-08:00,2025-01-31T21:16:49-08:00,0,34
global.js,104,js,ae1d1247,mkataki,2025-01-31,21:16:49,-08:00,2025-01-31T21:16:49-08:00,0,11
global.js,105,js,ae1d1247,mkataki,2025-01-31,21:16:49,-08:00,2025-01-31T21:16:49-08:00,0,0
global.js,106,js,ae1d1247,mkataki,2025-01-31,21:16:49,-08:00,2025-01-31T21:16:49-08:00,0,0
global.js,107,js,ae1d1247,mkataki,2025-01-31,21:16:49,-08:00,2025-01-31T21:16:49-08:00,0,16
global.js,108,js,ae1d1247,mkataki,2025-01-31,21:16:49,-08:00,2025-01-31T21:16:49-08:00,0,60
global.js,109,js,ae1d1247,mkataki,2025-01-31,21:16:49,-08:00,2025-01-31T21:16:49-08:00,0,0
global.js,110,js,ae1d1247,mkataki,2025-01-31,21:16:49,-08:00,2025-01-31T21:16:49-08:00,0,0
global.js,111,js,ae1d1247,mkataki,2025-01-31,21:16:49,-08:00,2025-01-31T21:16:49-08:00,0,32
global.js,112,js,ae1d1247,mkataki,2025-01-31,21:16:49,-08:00,2025-01-31T21:16:49-08:00,0,0
global.js,113,js,ae1d1247,mkataki,2025-01-31,21:16:49,-08:00,2025-01-31T21:16:49-08:00,0,0
global.js,114,js,ae1d1247,mkataki,2025-01-31,21:16:49,-08:00,2025-01-31T21:16:49-08:00,0,80
global.js,115,js,ae1d1247,mkataki,2025-01-31,21:16:49,-08:00,2025-01-31T21:16:49-08:00,0,24
global.js,116,js,ae1d1247,mkataki,2025-01-31,21:16:49,-08:00,2025-01-31T21:16:49-08:00,0,31
global.js,117,js,ae1d1247,mkataki,2025-01-31,21:16:49,-08:00,2025-01-31T21:16:49-08:00,0,42
global.js,118,js,ae1d1247,mkataki,2025-01-31,21:16:49,-08:00,2025-01-31T21:16:49-08:00,0,25
global.js,119,js,ae1d1247,mkataki,2025-01-31,21:16:49,-08:00,2025-01-31T21:16:49-08:00,0,49
global.js,120,js,ae1d1247,mkataki,2025-01-31,21:16:49,-08:00,2025-01-31T21:16:49-08:00,0,20
global.js,121,js,ae1d1247,mkataki,2025-01-31,21:16:49,-08:00,2025-01-31T21:16:49-08:00,0,24
global.js,122,js,ae1d1247,mkataki,2025-01-31,21:16:49,-08:00,2025-01-31T21:16:49-08:00,0,50
global.js,123,js,00000000,Not Committed Yet,2025-02-13,23:19:34,-08:00,2025-02-13T23:19:34-08:00,0,25
global.js,124,js,00000000,Not Committed Yet,2025-02-13,23:19:34,-08:00,2025-02-13T23:19:34-08:00,0,28
global.js,125,js,00000000,Not Committed Yet,2025-02-13,23:19:34,-08:00,2025-02-13T23:19:34-08:00,0,42
global.js,126,js,00000000,Not Committed Yet,2025-02-13,23:19:34,-08:00,2025-02-13T23:19:34-08:00,0,5
global.js,127,js,ae1d1247,mkataki,2025-01-31,21:16:49,-08:00,2025-01-31T21:16:49-08:00,0,1
global.js,128,js,ae1d1247,mkataki,2025-01-31,21:16:49,-08:00,2025-01-31T21:16:49-08:00,0,37
global.js,129,js,ae1d1247,mkataki,2025-01-31,21:16:49,-08:00,2025-01-31T21:16:49-08:00,0,0
global.js,130,js,ae1d1247,mkataki,2025-01-31,21:16:49,-08:00,2025-01-31T21:16:49-08:00,0,0
global.js,131,js,ae1d1247,mkataki,2025-01-31,21:16:49,-08:00,2025-01-31T21:16:49-08:00,0,0
global.js,132,js,ae1d1247,mkataki,2025-01-31,21:16:49,-08:00,2025-01-31T21:16:49-08:00,0,0
global.js,133,js,ae1d1247,mkataki,2025-01-31,21:16:49,-08:00,2025-01-31T21:16:49-08:00,0,0
global.js,134,js,ae1d1247,mkataki,2025-01-31,21:16:49,-08:00,2025-01-31T21:16:49-08:00,0,48
global.js,135,js,ae1d1247,mkataki,2025-01-31,21:16:49,-08:00,2025-01-31T21:16:49-08:00,0,59
global.js,136,js,ae1d1247,mkataki,2025-01-31,21:16:49,-08:00,2025-01-31T21:16:49-08:00,0,0
projects/projects.js,1,js,ae1d1247,mkataki,2025-01-31,21:16:49,-08:00,2025-01-31T21:16:49-08:00,0,55
projects/projects.js,2,js,00000000,Not Committed Yet,2025-02-13,23:19:34,-08:00,2025-02-13T23:19:34-08:00,0,64
projects/projects.js,3,js,ae1d1247,mkataki,2025-01-31,21:16:49,-08:00,2025-01-31T21:16:49-08:00,0,56
projects/projects.js,4,js,ae1d1247,mkataki,2025-01-31,21:16:49,-08:00,2025-01-31T21:16:49-08:00,0,60
projects/projects.js,5,js,00000000,Not Committed Yet,2025-02-13,23:19:34,-08:00,2025-02-13T23:19:34-08:00,0,49
projects/projects.js,6,js,00000000,Not Committed Yet,2025-02-13,23:19:34,-08:00,2025-02-13T23:19:34-08:00,0,0
projects/projects.js,7,js,00000000,Not Committed Yet,2025-02-13,23:19:34,-08:00,2025-02-13T23:19:34-08:00,0,58
projects/projects.js,8,js,00000000,Not Committed Yet,2025-02-13,23:19:34,-08:00,2025-02-13T23:19:34-08:00,0,49
projects/projects.js,9,js,00000000,Not Committed Yet,2025-02-13,23:19:34,-08:00,2025-02-13T23:19:34-08:00,0,0
projects/projects.js,10,js,00000000,Not Committed Yet,2025-02-13,23:19:34,-08:00,2025-02-13T23:19:34-08:00,0,30
projects/projects.js,11,js,00000000,Not Committed Yet,2025-02-13,23:19:34,-08:00,2025-02-13T23:19:34-08:00,0,81
projects/projects.js,12,js,00000000,Not Committed Yet,2025-02-13,23:19:34,-08:00,2025-02-13T23:19:34-08:00,0,71
projects/projects.js,13,js,00000000,Not Committed Yet,2025-02-13,23:19:34,-08:00,2025-02-13T23:19:34-08:00,0,0
projects/projects.js,14,js,00000000,Not Committed Yet,2025-02-13,23:19:34,-08:00,2025-02-13T23:19:34-08:00,0,34
projects/projects.js,15,js,00000000,Not Committed Yet,2025-02-13,23:19:34,-08:00,2025-02-13T23:19:34-08:00,0,44
projects/projects.js,16,js,00000000,Not Committed Yet,2025-02-13,23:19:34,-08:00,2025-02-13T23:19:34-08:00,0,48
projects/projects.js,17,js,00000000,Not Committed Yet,2025-02-13,23:19:34,-08:00,2025-02-13T23:19:34-08:00,0,41
projects/projects.js,18,js,00000000,Not Committed Yet,2025-02-13,23:19:34,-08:00,2025-02-13T23:19:34-08:00,0,0
projects/projects.js,19,js,00000000,Not Committed Yet,2025-02-13,23:19:34,-08:00,2025-02-13T23:19:34-08:00,0,33
projects/projects.js,20,js,00000000,Not Committed Yet,2025-02-13,23:19:34,-08:00,2025-02-13T23:19:34-08:00,0,22
projects/projects.js,21,js,00000000,Not Committed Yet,2025-02-13,23:19:34,-08:00,2025-02-13T23:19:34-08:00,0,0
projects/projects.js,22,js,00000000,Not Committed Yet,2025-02-13,23:19:34,-08:00,2025-02-13T23:19:34-08:00,0,27
projects/projects.js,23,js,00000000,Not Committed Yet,2025-02-13,23:19:34,-08:00,2025-02-13T23:19:34-08:00,0,17
projects/projects.js,24,js,00000000,Not Committed Yet,2025-02-13,23:19:34,-08:00,2025-02-13T23:19:34-08:00,0,14
projects/projects.js,25,js,00000000,Not Committed Yet,2025-02-13,23:19:34,-08:00,2025-02-13T23:19:34-08:00,0,25
projects/projects.js,26,js,00000000,Not Committed Yet,2025-02-13,23:19:34,-08:00,2025-02-13T23:19:34-08:00,0,25
projects/projects.js,27,js,00000000,Not Committed Yet,2025-02-13,23:19:34,-08:00,2025-02-13T23:19:34-08:00,0,48
projects/projects.js,28,js,00000000,Not Committed Yet,2025-02-13,23:19:34,-08:00,2025-02-13T23:19:34-08:00,0,48
projects/projects.js,29,js,00000000,Not Committed Yet,2025-02-13,23:19:34,-08:00,2025-02-13T23:19:34-08:00,0,0
projects/projects.js,30,js,00000000,Not Committed Yet,2025-02-13,23:19:34,-08:00,2025-02-13T23:19:34-08:00,0,49
projects/projects.js,31,js,00000000,Not Committed Yet,2025-02-13,23:19:34,-08:00,2025-02-13T23:19:34-08:00,0,20
projects/projects.js,32,js,00000000,Not Committed Yet,2025-02-13,23:19:34,-08:00,2025-02-13T23:19:34-08:00,0,65
projects/projects.js,33,js,00000000,Not Committed Yet,2025-02-13,23:19:34,-08:00,2025-02-13T23:19:34-08:00,0,0
projects/projects.js,34,js,00000000,Not Committed Yet,2025-02-13,23:19:34,-08:00,2025-02-13T23:19:34-08:00,0,54
projects/projects.js,35,js,00000000,Not Committed Yet,2025-02-13,23:19:34,-08:00,2025-02-13T23:19:34-08:00,0,25
projects/projects.js,36,js,00000000,Not Committed Yet,2025-02-13,23:19:34,-08:00,2025-02-13T23:19:34-08:00,0,65
projects/projects.js,37,js,00000000,Not Committed Yet,2025-02-13,23:19:34,-08:00,2025-02-13T23:19:34-08:00,0,0
projects/projects.js,38,js,00000000,Not Committed Yet,2025-02-13,23:19:34,-08:00,2025-02-13T23:19:34-08:00,0,45
projects/projects.js,39,js,00000000,Not Committed Yet,2025-02-13,23:19:34,-08:00,2025-02-13T23:19:34-08:00,0,26
projects/projects.js,40,js,00000000,Not Committed Yet,2025-02-13,23:19:34,-08:00,2025-02-13T23:19:34-08:00,0,70
projects/projects.js,41,js,00000000,Not Committed Yet,2025-02-13,23:19:34,-08:00,2025-02-13T23:19:34-08:00,0,7
projects/projects.js,42,js,00000000,Not Committed Yet,2025-02-13,23:19:34,-08:00,2025-02-13T23:19:34-08:00,0,75
projects/projects.js,43,js,00000000,Not Committed Yet,2025-02-13,23:19:34,-08:00,2025-02-13T23:19:34-08:00,0,62
projects/projects.js,44,js,00000000,Not Committed Yet,2025-02-13,23:19:34,-08:00,2025-02-13T23:19:34-08:00,0,0
projects/projects.js,45,js,00000000,Not Committed Yet,2025-02-13,23:19:34,-08:00,2025-02-13T23:19:34-08:00,0,80
projects/projects.js,46,js,00000000,Not Committed Yet,2025-02-13,23:19:34,-08:00,2025-02-13T23:19:34-08:00,0,90
projects/projects.js,47,js,00000000,Not Committed Yet,2025-02-13,23:19:34,-08:00,2025-02-13T23:19:34-08:00,0,0
projects/projects.js,48,js,00000000,Not Committed Yet,2025-02-13,23:19:34,-08:00,2025-02-13T23:19:34-08:00,0,2
projects/projects.js,49,js,00000000,Not Committed Yet,2025-02-13,23:19:34,-08:00,2025-02-13T23:19:34-08:00,0,2
projects/projects.js,50,js,00000000,Not Committed Yet,2025-02-13,23:19:34,-08:00,2025-02-13T23:19:34-08:00,0,0
projects/projects.js,51,js,00000000,Not Committed Yet,2025-02-13,23:19:34,-08:00,2025-02-13T23:19:34-08:00,0,33
projects/projects.js,52,js,00000000,Not Committed Yet,2025-02-13,23:19:34,-08:00,2025-02-13T23:19:34-08:00,0,25
projects/projects.js,53,js,00000000,Not Committed Yet,2025-02-13,23:19:34,-08:00,2025-02-13T23:19:34-08:00,0,18
projects/projects.js,54,js,00000000,Not Committed Yet,2025-02-13,23:19:34,-08:00,2025-02-13T23:19:34-08:00,0,39
projects/projects.js,55,js,00000000,Not Committed Yet,2025-02-13,23:19:34,-08:00,2025-02-13T23:19:34-08:00,0,70
projects/projects.js,56,js,00000000,Not Committed Yet,2025-02-13,23:19:34,-08:00,2025-02-13T23:19:34-08:00,0,2
projects/projects.js,57,js,00000000,Not Committed Yet,2025-02-13,23:19:34,-08:00,2025-02-13T23:19:34-08:00,0,0
projects/projects.js,58,js,00000000,Not Committed Yet,2025-02-13,23:19:34,-08:00,2025-02-13T23:19:34-08:00,0,0
projects/projects.js,59,js,00000000,Not Committed Yet,2025-02-13,23:19:34,-08:00,2025-02-13T23:19:34-08:00,0,0
projects/projects.js,60,js,00000000,Not Committed Yet,2025-02-13,23:19:34,-08:00,2025-02-13T23:19:34-08:00,0,27
projects/projects.js,61,js,00000000,Not Committed Yet,2025-02-13,23:19:34,-08:00,2025-02-13T23:19:34-08:00,0,8
projects/projects.js,62,js,00000000,Not Committed Yet,2025-02-13,23:19:34,-08:00,2025-02-13T23:19:34-08:00,0,15
projects/projects.js,63,js,00000000,Not Committed Yet,2025-02-13,23:19:34,-08:00,2025-02-13T23:19:34-08:00,0,13
projects/projects.js,64,js,00000000,Not Committed Yet,2025-02-13,23:19:34,-08:00,2025-02-13T23:19:34-08:00,0,1
projects/projects.js,65,js,00000000,Not Committed Yet,2025-02-13,23:19:34,-08:00,2025-02-13T23:19:34-08:00,0,77
projects/projects.js,66,js,00000000,Not Committed Yet,2025-02-13,23:19:34,-08:00,2025-02-13T23:19:34-08:00,0,20
projects/projects.js,67,js,00000000,Not Committed Yet,2025-02-13,23:19:34,-08:00,2025-02-13T23:19:34-08:00,0,0
projects/projects.js,68,js,00000000,Not Committed Yet,2025-02-13,23:19:34,-08:00,2025-02-13T23:19:34-08:00,0,14
projects/projects.js,69,js,00000000,Not Committed Yet,2025-02-13,23:19:34,-08:00,2025-02-13T23:19:34-08:00,0,54
projects/projects.js,70,js,00000000,Not Committed Yet,2025-02-13,23:19:34,-08:00,2025-02-13T23:19:34-08:00,0,0
projects/projects.js,71,js,00000000,Not Committed Yet,2025-02-13,23:19:34,-08:00,2025-02-13T23:19:34-08:00,0,0
projects/projects.js,72,js,00000000,Not Committed Yet,2025-02-13,23:19:34,-08:00,2025-02-13T23:19:34-08:00,0,49
projects/projects.js,73,js,00000000,Not Committed Yet,2025-02-13,23:19:34,-08:00,2025-02-13T23:19:34-08:00,0,40
projects/projects.js,74,js,00000000,Not Committed Yet,2025-02-13,23:19:34,-08:00,2025-02-13T23:19:34-08:00,0,0
projects/projects.js,75,js,00000000,Not Committed Yet,2025-02-13,23:19:34,-08:00,2025-02-13T23:19:34-08:00,0,52
projects/projects.js,76,js,00000000,Not Committed Yet,2025-02-13,23:19:34,-08:00,2025-02-13T23:19:34-08:00,0,60
projects/projects.js,77,js,00000000,Not Committed Yet,2025-02-13,23:19:34,-08:00,2025-02-13T23:19:34-08:00,0,29
projects/projects.js,78,js,00000000,Not Committed Yet,2025-02-13,23:19:34,-08:00,2025-02-13T23:19:34-08:00,0,2
projects/projects.js,79,js,00000000,Not Committed Yet,2025-02-13,23:19:34,-08:00,2025-02-13T23:19:34-08:00,0,0
projects/projects.js,80,js,00000000,Not Committed Yet,2025-02-13,23:19:34,-08:00,2025-02-13T23:19:34-08:00,0,43
projects/projects.js,81,js,00000000,Not Committed Yet,2025-02-13,23:19:34,-08:00,2025-02-13T23:19:34-08:00,0,57
projects/projects.js,82,js,00000000,Not Committed Yet,2025-02-13,23:19:34,-08:00,2025-02-13T23:19:34-08:00,0,0
projects/projects.js,83,js,00000000,Not Committed Yet,2025-02-13,23:19:34,-08:00,2025-02-13T23:19:34-08:00,0,29
projects/projects.js,84,js,00000000,Not Committed Yet,2025-02-13,23:19:34,-08:00,2025-02-13T23:19:34-08:00,0,16
projects/projects.js,85,js,00000000,Not Committed Yet,2025-02-13,23:19:34,-08:00,2025-02-13T23:19:34-08:00,0,15
projects/projects.js,86,js,00000000,Not Committed Yet,2025-02-13,23:19:34,-08:00,2025-02-13T23:19:34-08:00,0,12
projects/projects.js,87,js,00000000,Not Committed Yet,2025-02-13,23:19:34,-08:00,2025-02-13T23:19:34-08:00,0,57
projects/projects.js,88,js,00000000,Not Committed Yet,2025-02-13,23:19:34,-08:00,2025-02-13T23:19:34-08:00,0,0
projects/projects.js,89,js,00000000,Not Committed Yet,2025-02-13,23:19:34,-08:00,2025-02-13T23:19:34-08:00,0,28
projects/projects.js,90,js,00000000,Not Committed Yet,2025-02-13,23:19:34,-08:00,2025-02-13T23:19:34-08:00,0,2
projects/projects.js,91,js,00000000,Not Committed Yet,2025-02-13,23:19:34,-08:00,2025-02-13T23:19:34-08:00,0,0
projects/index.html,1,html,1bfd6062,mkataki,2025-01-10,19:57:50,+05:30,2025-01-10T19:57:50+05:30,0,14
projects/index.html,2,html,1bfd6062,mkataki,2025-01-10,19:57:50,+05:30,2025-01-10T19:57:50+05:30,0,15
projects/index.html,3,html,1bfd6062,mkataki,2025-01-10,19:57:50,+05:30,2025-01-10T19:57:50+05:30,0,5
projects/index.html,4,html,1bfd6062,mkataki,2025-01-10,19:57:50,+05:30,2025-01-10T19:57:50+05:30,0,21
projects/index.html,5,html,1bfd6062,mkataki,2025-01-10,19:57:50,+05:30,2025-01-10T19:57:50+05:30,0,52
projects/index.html,6,html,1bfd6062,mkataki,2025-01-10,19:57:50,+05:30,2025-01-10T19:57:50+05:30,0,69
projects/index.html,7,html,1bfd6062,mkataki,2025-01-10,19:57:50,+05:30,2025-01-10T19:57:50+05:30,0,22
projects/index.html,8,html,1bfd6062,mkataki,2025-01-10,19:57:50,+05:30,2025-01-10T19:57:50+05:30,0,42
projects/index.html,9,html,47c0f307,mkataki,2025-01-25,17:54:32,-08:00,2025-01-25T17:54:32-08:00,0,49
projects/index.html,10,html,ae1d1247,mkataki,2025-01-31,21:16:49,-08:00,2025-01-31T21:16:49-08:00,0,48
projects/index.html,11,html,1bfd6062,mkataki,2025-01-10,19:57:50,+05:30,2025-01-10T19:57:50+05:30,0,6
projects/index.html,12,html,1bfd6062,mkataki,2025-01-10,19:57:50,+05:30,2025-01-10T19:57:50+05:30,0,5
projects/index.html,13,html,1bfd6062,mkataki,2025-01-10,19:57:50,+05:30,2025-01-10T19:57:50+05:30,0,19
projects/index.html,14,html,00000000,Not Committed Yet,2025-02-13,23:19:34,-08:00,2025-02-13T23:19:34-08:00,0,28
projects/index.html,15,html,00000000,Not Committed Yet,2025-02-13,23:19:34,-08:00,2025-02-13T23:19:34-08:00,0,59
projects/index.html,16,html,00000000,Not Committed Yet,2025-02-13,23:19:34,-08:00,2025-02-13T23:19:34-08:00,0,58
projects/index.html,17,html,00000000,Not Committed Yet,2025-02-13,23:19:34,-08:00,2025-02-13T23:19:34-08:00,0,5
projects/index.html,18,html,00000000,Not Committed Yet,2025-02-13,23:19:34,-08:00,2025-02-13T23:19:34-08:00,0,5
projects/index.html,19,html,00000000,Not Committed Yet,2025-02-13,23:19:34,-08:00,2025-02-13T23:19:34-08:00,0,16
projects/index.html,20,html,00000000,Not Committed Yet,2025-02-13,23:19:34,-08:00,2025-02-13T23:19:34-08:00,0,12
projects/index.html,21,html,00000000,Not Committed Yet,2025-02-13,23:19:34,-08:00,2025-02-13T23:19:34-08:00,0,27
projects/index.html,22,html,00000000,Not Committed Yet,2025-02-13,23:19:34,-08:00,2025-02-13T23:19:34-08:00,0,32
projects/index.html,23,html,00000000,Not Committed Yet,2025-02-13,23:19:34,-08:00,2025-02-13T23:19:34-08:00,0,1
projects/index.html,24,html,4b8e1fd4,mkataki,2025-01-25,15:05:43,-08:00,2025-01-25T15:05:43-08:00,0,21
projects/index.html,25,html,4b8e1fd4,mkataki,2025-01-25,15:05:43,-08:00,2025-01-25T15:05:43-08:00,0,5
projects/index.html,26,html,1bfd6062,mkataki,2025-01-10,19:57:50,+05:30,2025-01-10T19:57:50+05:30,0,6
projects/index.html,27,html,1bfd6062,mkataki,2025-01-10,19:57:50,+05:30,2025-01-10T19:57:50+05:30,0,6
cv/index.html,1,html,b5588032,mkataki,2025-01-11,01:32:49,+05:30,2025-01-11T01:32:49+05:30,0,14
cv/index.html,2,html,b5588032,mkataki,2025-01-11,01:32:49,+05:30,2025-01-11T01:32:49+05:30,0,15
cv/index.html,3,html,b5588032,mkataki,2025-01-11,01:32:49,+05:30,2025-01-11T01:32:49+05:30,0,5
cv/index.html,4,html,b5588032,mkataki,2025-01-11,01:32:49,+05:30,2025-01-11T01:32:49+05:30,0,21
cv/index.html,5,html,b5588032,mkataki,2025-01-11,01:32:49,+05:30,2025-01-11T01:32:49+05:30,0,52
cv/index.html,6,html,b5588032,mkataki,2025-01-11,01:32:49,+05:30,2025-01-11T01:32:49+05:30,0,69
cv/index.html,7,html,b5588032,mkataki,2025-01-11,01:32:49,+05:30,2025-01-11T01:32:49+05:30,0,16
cv/index.html,8,html,b5588032,mkataki,2025-01-11,01:32:49,+05:30,2025-01-11T01:32:49+05:30,0,42
cv/index.html,9,html,47c0f307,mkataki,2025-01-25,17:54:32,-08:00,2025-01-25T17:54:32-08:00,0,49
cv/index.html,10,html,b5588032,mkataki,2025-01-11,01:32:49,+05:30,2025-01-11T01:32:49+05:30,0,5
cv/index.html,11,html,bb17d6a1,mkataki,2025-01-11,01:37:55,+05:30,2025-01-11T01:37:55+05:30,0,7
cv/index.html,12,html,bb17d6a1,mkataki,2025-01-11,01:37:55,+05:30,2025-01-11T01:37:55+05:30,0,14
cv/index.html,13,html,bb17d6a1,mkataki,2025-01-11,01:37:55,+05:30,2025-01-11T01:37:55+05:30,0,8
cv/index.html,14,html,4b8e1fd4,mkataki,2025-01-25,15:05:43,-08:00,2025-01-25T15:05:43-08:00,0,16
cv/index.html,15,html,b5588032,mkataki,2025-01-11,01:32:49,+05:30,2025-01-11T01:32:49+05:30,0,8
cv/index.html,16,html,b5588032,mkataki,2025-01-11,01:32:49,+05:30,2025-01-11T01:32:49+05:30,0,7
cv/index.html,17,html,bb17d6a1,mkataki,2025-01-11,01:37:55,+05:30,2025-01-11T01:37:55+05:30,0,28
cv/index.html,18,html,b5588032,mkataki,2025-01-11,01:32:49,+05:30,2025-01-11T01:32:49+05:30,0,8
cv/index.html,19,html,b5588032,mkataki,2025-01-11,01:32:49,+05:30,2025-01-11T01:32:49+05:30,0,24
cv/index.html,20,html,b5588032,mkataki,2025-01-11,01:32:49,+05:30,2025-01-11T01:32:49+05:30,0,29
cv/index.html,21,html,b5588032,mkataki,2025-01-11,01:32:49,+05:30,2025-01-11T01:32:49+05:30,0,28
cv/index.html,22,html,b5588032,mkataki,2025-01-11,01:32:49,+05:30,2025-01-11T01:32:49+05:30,0,58
cv/index.html,23,html,b5588032,mkataki,2025-01-11,01:32:49,+05:30,2025-01-11T01:32:49+05:30,0,9
cv/index.html,24,html,b5588032,mkataki,2025-01-11,01:32:49,+05:30,2025-01-11T01:32:49+05:30,0,0
cv/index.html,25,html,b5588032,mkataki,2025-01-11,01:32:49,+05:30,2025-01-11T01:32:49+05:30,0,8
cv/index.html,26,html,b5588032,mkataki,2025-01-11,01:32:49,+05:30,2025-01-11T01:32:49+05:30,0,7
cv/index.html,27,html,b5588032,mkataki,2025-01-11,01:32:49,+05:30,2025-01-11T01:32:49+05:30,0,17
cv/index.html,28,html,b5588032,mkataki,2025-01-11,01:32:49,+05:30,2025-01-11T01:32:49+05:30,0,8
cv/index.html,29,html,b5588032,mkataki,2025-01-11,01:32:49,+05:30,2025-01-11T01:32:49+05:30,0,49
cv/index.html,30,html,b5588032,mkataki,2025-01-11,01:32:49,+05:30,2025-01-11T01:32:49+05:30,0,25
cv/index.html,31,html,b5588032,mkataki,2025-01-11,01:32:49,+05:30,2025-01-11T01:32:49+05:30,0,107
cv/index.html,32,html,b5588032,mkataki,2025-01-11,01:32:49,+05:30,2025-01-11T01:32:49+05:30,0,9
cv/index.html,33,html,b5588032,mkataki,2025-01-11,01:32:49,+05:30,2025-01-11T01:32:49+05:30,0,0
cv/index.html,34,html,b5588032,mkataki,2025-01-11,01:32:49,+05:30,2025-01-11T01:32:49+05:30,0,8
cv/index.html,35,html,b5588032,mkataki,2025-01-11,01:32:49,+05:30,2025-01-11T01:32:49+05:30,0,7
cv/index.html,36,html,bb17d6a1,mkataki,2025-01-11,01:37:55,+05:30,2025-01-11T01:37:55+05:30,0,23
cv/index.html,37,html,b5588032,mkataki,2025-01-11,01:32:49,+05:30,2025-01-11T01:32:49+05:30,0,8
cv/index.html,38,html,b5588032,mkataki,2025-01-11,01:32:49,+05:30,2025-01-11T01:32:49+05:30,0,8
cv/index.html,39,html,b5588032,mkataki,2025-01-11,01:32:49,+05:30,2025-01-11T01:32:49+05:30,0,7
cv/index.html,40,html,bb17d6a1,mkataki,2025-01-11,01:37:55,+05:30,2025-01-11T01:37:55+05:30,0,20
cv/index.html,41,html,b5588032,mkataki,2025-01-11,01:32:49,+05:30,2025-01-11T01:32:49+05:30,0,8
cv/index.html,42,html,b5588032,mkataki,2025-01-11,01:32:49,+05:30,2025-01-11T01:32:49+05:30,0,37
cv/index.html,43,html,b5588032,mkataki,2025-01-11,01:32:49,+05:30,2025-01-11T01:32:49+05:30,0,60
cv/index.html,44,html,b5588032,mkataki,2025-01-11,01:32:49,+05:30,2025-01-11T01:32:49+05:30,0,3
cv/index.html,45,html,b5588032,mkataki,2025-01-11,01:32:49,+05:30,2025-01-11T01:32:49+05:30,0,108
cv/index.html,46,html,b5588032,mkataki,2025-01-11,01:32:49,+05:30,2025-01-11T01:32:49+05:30,0,31
cv/index.html,47,html,b5588032,mkataki,2025-01-11,01:32:49,+05:30,2025-01-11T01:32:49+05:30,0,94
cv/index.html,48,html,b5588032,mkataki,2025-01-11,01:32:49,+05:30,2025-01-11T01:32:49+05:30,0,20
cv/index.html,49,html,b5588032,mkataki,2025-01-11,01:32:49,+05:30,2025-01-11T01:32:49+05:30,0,4
cv/index.html,50,html,b5588032,mkataki,2025-01-11,01:32:49,+05:30,2025-01-11T01:32:49+05:30,0,9
cv/index.html,51,html,b5588032,mkataki,2025-01-11,01:32:49,+05:30,2025-01-11T01:32:49+05:30,0,9
cv/index.html,52,html,b5588032,mkataki,2025-01-11,01:32:49,+05:30,2025-01-11T01:32:49+05:30,0,0
cv/index.html,53,html,b5588032,mkataki,2025-01-11,01:32:49,+05:30,2025-01-11T01:32:49+05:30,0,8
cv/index.html,54,html,b5588032,mkataki,2025-01-11,01:32:49,+05:30,2025-01-11T01:32:49+05:30,0,7
cv/index.html,55,html,bb17d6a1,mkataki,2025-01-11,01:37:55,+05:30,2025-01-11T01:37:55+05:30,0,16
cv/index.html,56,html,b5588032,mkataki,2025-01-11,01:32:49,+05:30,2025-01-11T01:32:49+05:30,0,8
cv/index.html,57,html,b5588032,mkataki,2025-01-11,01:32:49,+05:30,2025-01-11T01:32:49+05:30,0,8
cv/index.html,58,html,b5588032,mkataki,2025-01-11,01:32:49,+05:30,2025-01-11T01:32:49+05:30,0,7
cv/index.html,59,html,bb17d6a1,mkataki,2025-01-11,01:37:55,+05:30,2025-01-11T01:37:55+05:30,0,65
cv/index.html,60,html,b5588032,mkataki,2025-01-11,01:32:49,+05:30,2025-01-11T01:32:49+05:30,0,8
cv/index.html,61,html,b5588032,mkataki,2025-01-11,01:32:49,+05:30,2025-01-11T01:32:49+05:30,0,3
cv/index.html,62,html,b5588032,mkataki,2025-01-11,01:32:49,+05:30,2025-01-11T01:32:49+05:30,0,110
cv/index.html,63,html,b5588032,mkataki,2025-01-11,01:32:49,+05:30,2025-01-11T01:32:49+05:30,0,88
cv/index.html,64,html,b5588032,mkataki,2025-01-11,01:32:49,+05:30,2025-01-11T01:32:49+05:30,0,122
cv/index.html,65,html,b5588032,mkataki,2025-01-11,01:32:49,+05:30,2025-01-11T01:32:49+05:30,0,21
cv/index.html,66,html,b5588032,mkataki,2025-01-11,01:32:49,+05:30,2025-01-11T01:32:49+05:30,0,4
cv/index.html,67,html,b5588032,mkataki,2025-01-11,01:32:49,+05:30,2025-01-11T01:32:49+05:30,0,9
cv/index.html,68,html,b5588032,mkataki,2025-01-11,01:32:49,+05:30,2025-01-11T01:32:49+05:30,0,8
cv/index.html,69,html,b5588032,mkataki,2025-01-11,01:32:49,+05:30,2025-01-11T01:32:49+05:30,0,7
cv/index.html,70,html,bb17d6a1,mkataki,2025-01-11,01:37:55,+05:30,2025-01-11T01:37:55+05:30,0,50
cv/index.html,71,html,b5588032,mkataki,2025-01-11,01:32:49,+05:30,2025-01-11T01:32:49+05:30,0,8
cv/index.html,72,html,b5588032,mkataki,2025-01-11,01:32:49,+05:30,2025-01-11T01:32:49+05:30,0,3
cv/index.html,73,html,b5588032,mkataki,2025-01-11,01:32:49,+05:30,2025-01-11T01:32:49+05:30,0,122
cv/index.html,74,html,b5588032,mkataki,2025-01-11,01:32:49,+05:30,2025-01-11T01:32:49+05:30,0,28
cv/index.html,75,html,b5588032,mkataki,2025-01-11,01:32:49,+05:30,2025-01-11T01:32:49+05:30,0,121
cv/index.html,76,html,b5588032,mkataki,2025-01-11,01:32:49,+05:30,2025-01-11T01:32:49+05:30,0,58
cv/index.html,77,html,b5588032,mkataki,2025-01-11,01:32:49,+05:30,2025-01-11T01:32:49+05:30,0,110
cv/index.html,78,html,b5588032,mkataki,2025-01-11,01:32:49,+05:30,2025-01-11T01:32:49+05:30,0,4
cv/index.html,79,html,b5588032,mkataki,2025-01-11,01:32:49,+05:30,2025-01-11T01:32:49+05:30,0,9
cv/index.html,80,html,b5588032,mkataki,2025-01-11,01:32:49,+05:30,2025-01-11T01:32:49+05:30,0,9
cv/index.html,81,html,4b8e1fd4,mkataki,2025-01-25,15:05:43,-08:00,2025-01-25T15:05:43-08:00,0,7
cv/index.html,82,html,4b8e1fd4,mkataki,2025-01-25,15:05:43,-08:00,2025-01-25T15:05:43-08:00,0,41
cv/index.html,83,html,4b8e1fd4,mkataki,2025-01-25,15:05:43,-08:00,2025-01-25T15:05:43-08:00,0,8
cv/index.html,84,html,b5588032,mkataki,2025-01-11,01:32:49,+05:30,2025-01-11T01:32:49+05:30,0,6
cv/index.html,85,html,b5588032,mkataki,2025-01-11,01:32:49,+05:30,2025-01-11T01:32:49+05:30,0,0
cv/index.html,86,html,b5588032,mkataki,2025-01-11,01:32:49,+05:30,2025-01-11T01:32:49+05:30,0,0
cv/index.html,87,html,b5588032,mkataki,2025-01-11,01:32:49,+05:30,2025-01-11T01:32:49+05:30,0,6
cv/index.html,88,html,b5588032,mkataki,2025-01-11,01:32:49,+05:30,2025-01-11T01:32:49+05:30,0,6
contact/index.html,1,html,1bfd6062,mkataki,2025-01-10,19:57:50,+05:30,2025-01-10T19:57:50+05:30,0,14
contact/index.html,2,html,1bfd6062,mkataki,2025-01-10,19:57:50,+05:30,2025-01-10T19:57:50+05:30,0,15
contact/index.html,3,html,1bfd6062,mkataki,2025-01-10,19:57:50,+05:30,2025-01-10T19:57:50+05:30,0,5
contact/index.html,4,html,1bfd6062,mkataki,2025-01-10,19:57:50,+05:30,2025-01-10T19:57:50+05:30,0,21
contact/index.html,5,html,1bfd6062,mkataki,2025-01-10,19:57:50,+05:30,2025-01-10T19:57:50+05:30,0,52
contact/index.html,6,html,1bfd6062,mkataki,2025-01-10,19:57:50,+05:30,2025-01-10T19:57:50+05:30,0,69
contact/index.html,7,html,1bfd6062,mkataki,2025-01-10,19:57:50,+05:30,2025-01-10T19:57:50+05:30,0,21
contact/index.html,8,html,1bfd6062,mkataki,2025-01-10,19:57:50,+05:30,2025-01-10T19:57:50+05:30,0,42
contact/index.html,9,html,47c0f307,mkataki,2025-01-25,17:54:32,-08:00,2025-01-25T17:54:32-08:00,0,49
contact/index.html,10,html,1bfd6062,mkataki,2025-01-10,19:57:50,+05:30,2025-01-10T19:57:50+05:30,0,6
contact/index.html,11,html,1bfd6062,mkataki,2025-01-10,19:57:50,+05:30,2025-01-10T19:57:50+05:30,0,5
contact/index.html,12,html,b5588032,mkataki,2025-01-11,01:32:49,+05:30,2025-01-11T01:32:49+05:30,0,15
contact/index.html,13,html,be748891,mkataki,2025-01-25,20:14:33,-08:00,2025-01-25T20:14:33-08:00,0,24
contact/index.html,14,html,be748891,mkataki,2025-01-25,20:14:33,-08:00,2025-01-25T20:14:33-08:00,0,65
contact/index.html,15,html,be748891,mkataki,2025-01-25,20:14:33,-08:00,2025-01-25T20:14:33-08:00,0,32
contact/index.html,16,html,be748891,mkataki,2025-01-25,20:14:33,-08:00,2025-01-25T20:14:33-08:00,0,32
contact/index.html,17,html,be748891,mkataki,2025-01-25,20:14:33,-08:00,2025-01-25T20:14:33-08:00,0,36
contact/index.html,18,html,be748891,mkataki,2025-01-25,20:14:33,-08:00,2025-01-25T20:14:33-08:00,0,21
contact/index.html,19,html,be748891,mkataki,2025-01-25,20:14:33,-08:00,2025-01-25T20:14:33-08:00,0,33
contact/index.html,20,html,be748891,mkataki,2025-01-25,20:14:33,-08:00,2025-01-25T20:14:33-08:00,0,42
contact/index.html,21,html,be748891,mkataki,2025-01-25,20:14:33,-08:00,2025-01-25T20:14:33-08:00,0,22
contact/index.html,22,html,be748891,mkataki,2025-01-25,20:14:33,-08:00,2025-01-25T20:14:33-08:00,0,6
contact/index.html,23,html,be748891,mkataki,2025-01-25,20:14:33,-08:00,2025-01-25T20:14:33-08:00,0,9
contact/index.html,24,html,1bfd6062,mkataki,2025-01-10,19:57:50,+05:30,2025-01-10T19:57:50+05:30,0,6
contact/index.html,25,html,c2bb45e7,mkataki,2025-01-10,23:26:06,+05:30,2025-01-10T23:26:06+05:30,0,6
